name,type,city,address,phone,email,notes,source_url
Chuck Fawcett Realty - Fort Smith office,brokerage,Fort Smith,"4720 Rogers Avenue, Fort Smith, AR 72903",(479) 484-5588,,4-office local brokerage; HQ office,chuckfawcettrealty.com
Chuck Fawcett Realty - Van Buren office,brokerage,Van Buren,"1505 East Main Street, Van Buren, AR 72956",(479) 471-5557,,Local brokerage Van Buren office,chuckfawcettrealty.com
Chuck Fawcett Realty - Greenwood office,brokerage,Greenwood,"741 West Center, Greenwood, AR 72936",(479) 996-5477,,Local brokerage Greenwood office,chuckfawcettrealty.com
Chuck Fawcett Realty - Chaffee Crossing office,brokerage,Fort Smith,"9200 Alara Way, Fort Smith, AR 72916",(479) 452-1660,,Office inside the target neighborhood - priority,chuckfawcettrealty.com
McGraw Realtors - Fort Smith,brokerage,Fort Smith,"1120 Garrison Ave, Fort Smith, AR 72901",(479) 226-3931,,Large regional brokerage; also Van Buren agents,fortsmith.mcgrawrealtors.com
Weichert Realtors - The Griffin Company,brokerage,Fort Smith,"3500 Old Greenwood Rd, Fort Smith, AR 72903",(479) 208-3716,,VP Angel Clifton direct line,facebook.com/WeichertGriffinFortSmith
Keller Williams Platinum Realty,brokerage,Fort Smith,,,,"Fort Smith office; high-volume listing agents",fastexpert.com/top-real-estate-agents/fort-smith-ar
RE/MAX Executives,brokerage,Fort Smith,,,,"Fort Smith office; top-selling agents",fastexpert.com/top-real-estate-agents/fort-smith-ar
O'Neal Real Estate,brokerage,Fort Smith,,,,"Local brokerage",fastexpert.com/top-real-estate-agents/fort-smith-ar
Homestead Real Estate,brokerage,Fort Smith,,,,"Local brokerage",fastexpert.com/top-real-estate-agents/fort-smith-ar
Pillar and Post Realty,brokerage,Fort Smith,,,,"Local brokerage",fastexpert.com/top-real-estate-agents/fort-smith-ar
Warnock Real Estate / Warnock Property Management,brokerage+PM,Fort Smith,"1301 S. Waldron Road, Suite A, Fort Smith, AR 72903",,,"Realty + property management under one roof - priority dual contact",warnockrealestate.com/property-management/contact-us
Linsey & Co Realtors,brokerage,Fort Smith,"Fort Smith, AR 72901",(479) 285-5947,,Agent Jennifer Lamb direct line,yelp.com/search?cflt=realestateagents&find_loc=Fort+Smith%2C+AR
Housing Hotline,brokerage,Fort Smith,Fort Smith AR,(479) 484-5463,james@housinghotline.com,"Broker/owner James Vitale; direct email",housinghotline.com
Kevin Clifton Real Estate,brokerage,Van Buren,"11 Pointer Trail West, Suite E, Van Buren, AR 72956",(479) 262-5100,,Van Buren brokerage since 1997,kevinclifton.com
TRUVI Realty,brokerage,Van Buren,Van Buren AR,(479) 789-9259,,Van Buren brokerage,homes.com/real-estate-agents/van-buren-ar
The Heritage Group Real Estate,brokerage,Fort Smith,Fort Smith AR,,,"Chamber member; agent Adrienne Lyons",public.fortsmithchamber.com/list/category/real-estate-realtors-property-management-767
Better Homes and Gardens Real Estate,brokerage,Van Buren,Van Buren AR,,,"Van Buren agents listed",realtor.com/realestateagents/Van-Buren_AR
Jim White Realty,brokerage,Van Buren,Van Buren AR,,,"Van Buren brokerage",realtor.com/realestateagents/Van-Buren_AR
RE/MAX Associates,brokerage,Van Buren,Van Buren AR,,,"Agent Tim Moldenhauer",realestate.usnews.com/agents/arkansas/van-buren
Brix Realty,brokerage,Van Buren,Van Buren AR,,,"Agent Angie Johns",realestate.usnews.com/agents/arkansas/van-buren
Ascend Real Estate,brokerage,Van Buren,Van Buren AR,,,"Agent Blake Osman",yelp.com/search?find_desc=Real+Estate+Agents&find_loc=Van+Buren%2C+AR+72956
McGraw Realtors - Van Buren,brokerage,Van Buren,Van Buren AR,,,"Agent Sherry Hamby",yelp.com/search?find_desc=Real+Estate+Agents&find_loc=Van+Buren%2C+AR+72956
Real Property Management First Choice,property management,Fort Smith,"1401 S Waldron Rd, Ste 200, Fort Smith, AR 72903",(479) 242-0791,,Regional PM franchise with Fort Smith office; NWA line 479-582-9310,rpmfirstchoice.com
Dixie Property Management,property management,Fort Smith,Fort Smith AR,,,Established local PM,yelp.com/search?cflt=propertymgmt&find_loc=Fort+Smith%2C+AR
Rental Management Inc.,property management,Fort Smith,"P.O. Box 1526, 17 North 6th Suite 207, Fort Smith, AR 72902",(479) 782-7268,,Long-time local PM,rentalmanagement-inc.com/contact-us
Arkstone Fort Smith,property management,Fort Smith,"1206 Fort Street, Fort Smith, AR",(479) 785-1500,,Single-family PM; text line (479) 883-7088,amifortsmith.com
Investors Property Management,property management,Fort Smith,"5400 Free Ferry, Suite 102, Fort Smith, AR 72903",(479) 434-6837,,Serves Fort Smith + Van Buren,investorspropertymanagement.net
KCP Real Estate,property management,Fort Smith,"2120 S Waldron Rd, Fort Smith, AR 72903",(479) 242-4001,,Residential + commercial PM,rentfortsmith.com
Cornerstone Realty Group,property management,Fort Smith,Fort Smith AR,,,Local PM with tenant/owner portals,cornerstone-realtygroup.com
Marshals Management Group,property management,Fort Smith,Fort Smith AR,(479) 242-7081,marshalsmanagement@gmail.com,Investor-focused fiduciary PM,marshalsmanagement.com
Fort Smith Rental Property,property management,Fort Smith,Fort Smith AR,(479) 452-1791,info@fortsmithrentalproperty.com,Duplexes + townhomes,fortsmithrentalproperty.com
1913 Capital,property management,Fort Smith,"Po Box 180266, Fort Smith, AR 72918",(479) 646-1641,,Chamber-listed real estate firm,public.fortsmithchamber.com/list/category/real-estate-realtors-property-management-767
National Property Inspections - Fort Smith,home inspector,Fort Smith,Fort Smith AR,(479) 790-1235,micah.talley@npiinspect.com,"Micah Talley; franchise inspector",npiweb.com/fortsmith
Act Now Home Inspections,home inspector,Fort Smith,"1320 S. Albert Pike, Fort Smith, AR 72903",(479) 414-9878,,Mike Smith; office + cell,zillow.com/profile/actnowhi
Unified Inspection Services,home inspector,Fort Smith,"5111 Rogers Ave, Suite 531, Fort Smith, AR 72903",(479) 763-7620,,Also (479) 452-6213; 24-hr report turnaround,unifiedinspection.com
Home Inspections LLC,home inspector,Fort Smith,Fort Smith AR,(479) 831-7032,,InterNACHI-listed,nachi.org/certified-inspectors/near/fort-smith--ar--usa
True Light Inspections,home inspector,Fort Smith,Fort Smith AR,(479) 746-4401,,Cory Kendall; InterNACHI-listed,nachi.org/certified-inspectors/near/fort-smith--ar--usa
ProView Home Inspections,home inspector,Fort Smith,"Fort Smith River Valley, AR",(479) 653-3807,,AR license #HI-2109; serves NWA + River Valley,proviewinspectionsar.com
Natural State Inspectors,home inspector,Fort Smith,Fort Smith AR,,,Serves Fort Smith/Van Buren/Greenwood/Alma,naturalstateinspectors.com
Taylored Home Inspections,home inspector,Fort Smith,Fort Smith AR,(479) 629-7483,,Yelp-listed Fort Smith inspector,yelp.com/search?cflt=home_inspectors&find_loc=Fort+Smith%2C+AR
